CO2e_emissions_per_capita.2019,HDI.2017,HDI.2021,_id,access_to_electricity.2020,control_of_corruption.2017,control_of_corruption.2021,economic_growth.2018,economic_growth.2021,education_gdp.2018,education_gdp.2021,electricity_from_renewables.2015,electricity_from_renewables.2020,gii.2022,gini,government_effectiveness.2017,government_effectiveness.2021,government_gdp.2018,government_integrity.2018,government_integrity.2022,happy_planet_index.2016,happy_planet_index.2019,health_expenditure_per_person.2019,health_gdp.2017,health_gdp.2018,health_gdp.2019,infant_mortality.2020,iso_3,military_gdp.2021,name,political_instability.2017,political_instability.2021,population.2018,primary_school_aged_kids_out.2018,primary_school_aged_kids_out.2021,region,regulatory_quality.2017,regulatory_quality.2021,rule_of_law.2017,rule_of_law.2021,seda.2018,unemployment.2018,unemployment.2021
0.16,0.498,0.478,640e0b1661fc7dcab609c597,97.7,-1.52,-1.14,1.19,-2.35,3.2,3.21,86.1,82.8,undefined,,-1.3,-1.6,26.3,2.2,undefined,20.2,29.4,65.8,3.37,3.2,3.21,60.8,AFG,undefined,Afghanistan,-2.78,-2.53,36000000,undefined,undefined,Southern Asia,-1.3,-1.3,-1.57,-1.871,undefined,8.5,13.28
1.69,0.785,0.796,640e0b1661fc7dcab609c598,100,-0.42,-0.56,4.02,8.54,undefined,3.1,100.0,100.0,24.4,29,0.1,0,30.1,39.9,35.6,36.8,51,undefined,3.61,undefined,3.92,2.4,ALB,1.42,Albania,0.4,0.11,2900000,2.56,3.84,Southern Europe,0.2,0.2,-0.4,-0.256,53.1,16.3,11.82
3.98,0.754,0.745,640e0b1661fc7dcab609c599,99.8,-0.61,-0.61,1.1,3.85,5.87,6.1,0.3,1.1,16.7,35.3,-0.6,-0.6,42.5,29,30.1,33.3,46.5,248.2,6.51,5.87,6.1,11.6,DZA,5.59,Algeria,-0.96,-0.88,41000000,0.35,0.18,Northern Africa,-1.2,-1.2,-0.86,-0.816,45.8,11.2,12.7
0.79,0.581,0.586,640e0b1661fc7dcab609c59a,46.9,-1.41,-0.66,-1.32,0.7,2.04,2.42,54.5,68.2,13.9,42.7,-1,-1.1,32.1,18.9,20.6,undefined,undefined,71.3,2.47,2.04,1.93,8.8,AGO,1.13,Angola,-0.29,-0.71,30000000,undefined,undefined,Sub-Saharan Africa,-1,-0.7,-1.1,-0.952,28.4,6.6,8.53
3.74,0.825,0.842,640e0b1661fc7dcab609c59b,100,-0.26,-0.4,-2.62,10.26,4.88,4.72,30.7,27.1,28.6,41.7,0.2,-0.4,38.5,32.6,45.1,35.2,50,946,5.45,4.88,4.72,9.7,ARG,0.57,Argentina,0.18,-0.11,44000000,0.4,0.42,Latin America and the Caribbean,-0.3,-0.6,-0.25,-0.462,57.3,6.6,10.9
2.09,0.755,0.759,640e0b1661fc7dcab609c59c,100,-0.56,0.07,5.2,5.7,2.26,2.71,29.6,24.6,26.6,31.5,-0.1,-0.2,25.8,40.5,50.8,25.7,54.7,524,2.71,2.26,2.56,undefined,ARM,4.44,Armenia,-0.71,-0.84,3000000,6.91,10.48,Western Asia,0.3,0.1,-0.16,-0.096,51.7,16.8,20.9
15.24,0.939,0.951,640e0b1661fc7dcab609c59d,100,1.8,1.74,2.87,1.48,5.12,undefined,14.4,24.6,47.1,30.3,1.5,1.5,36,77.4,87,21.2,43.1,5427.5,5.14,5.12,undefined,3,AUS,1.98,Australia,0.9,0.85,25000000,0.43,1.46,Australia and New Zealand,1.9,1.8,1.68,1.674,78.9,5.7,5.11
7.29,0.908,0.916,640e0b1661fc7dcab609c59e,100,1.53,1.27,2.5,4.48,5.22,undefined,80.0,83.9,50.2,30.5,1.5,1.6,51.8,73.5,82.9,30.5,46.8,5242.2,5.37,5.22,undefined,17.3,AUT,0.80,Austria,1.04,0.91,9000000,0.04,0.06,Western Europe,1.4,1.3,1.81,1.788,80.3,6.1,6.3
3.54,0.757,0.745,640e0b1661fc7dcab609c59f,100,-0.88,-0.83,1.5,5.6,2.46,2.68,7.8,12.3,21.4,33.7,-0.2,0.2,36.8,39.9,28.6,undefined,48,193.1,2.47,2.46,2.68,38.6,AZE,5.27,Azerbaijan,-0.76,-0.85,10000000,3.89,10.46,Western Asia,-0.3,-0.1,-0.56,-0.585,51.1,5.1,6.58
7.29,0.807,0.812,640e0b1661fc7dcab609c5a0,100,1.17,1.18,1.83,13.72,2.25,2.78,0.0,0.0,undefined,,0.6,0.5,23.8,50.9,64.3,undefined,undefined,2004.6,2.42,2.25,2.29,4.9,BHS,undefined,Bahamas,1,0.88,400000,undefined,undefined,Latin America and the Caribbean,0.1,0.1,0.19,0.102,60.4,15.3,13.24
20.27,0.846,0.875,640e0b1661fc7dcab609c5a1,100,-0.14,0.17,2.11,2.23,2.37,2.15,1.3,1.5,27.9,,0.2,0.7,33.4,51.8,41.6,undefined,33.6,940.4,2.32,2.37,2.09,10.5,BHR,3.56,Bahrain,-0.95,-0.51,1300000,1.04,2.34,Western Asia,0.4,0.8,0.45,0.471,63.9,1.3,1.87
0.56,0.608,0.661,640e0b1661fc7dcab609c5a2,96.2,-0.83,-0.96,7.32,6.94,undefined,1.33,undefined,3.9,19.7,32.1,-0.7,-0.6,13.9,21.2,22.2,38.4,54.5,45.9,undefined,undefined,1.33,5.1,BGD,1.27,Bangladesh,-1.25,-0.97,165000000,undefined,undefined,Southern Asia,-0.8,-0.8,-0.67,-0.611,35.3,4.1,5.23
4.36,0.8,0.79,640e0b1661fc7dcab609c5a3,100,1.42,1.24,-1.03,1.4,5.43,6.45,1.0,3.3,undefined,,0.8,0.5,45,53.8,68.7,undefined,undefined,1143.3,4.37,5.43,3.2,9.6,BRB,undefined,Barbados,0.98,1.12,300000,1.61,2.65,Latin America and the Caribbean,0.5,0.6,0.66,0.375,60.8,11.4,10.41
6.12,0.808,0.808,640e0b1661fc7dcab609c5a4,100,-0.26,-0.24,3.15,2.51,5.38,4.95,23.8,29.8,27.5,26.5,-0.4,-0.8,41.7,42,43.7,21.7,42.9,399.4,4.79,5.38,4.98,10,BLR,1.16,Belarus,0.03,-0.74,10000000,1.3,5.24,Eastern Europe,-0.7,-0.9,-0.82,-1.1,59.9,0.5,4.74
8.1,0.916,0.937,640e0b1661fc7dcab609c5a5,100,1.5,1.48,1.84,6.24,6.38,undefined,95.2,52.0,46.9,25.9,1.2,1.1,54.1,70.9,83.6,23.7,42.5,4960.4,6.43,6.38,undefined,56.5,BEL,1.08,Belgium,0.42,0.61,11000000,0.52,0.89,Western Europe,1.2,1.3,1.34,1.326,77.5,8.3,6.42
1.64,0.708,0.683,640e0b1661fc7dcab609c5a6,97.1,-0.27,-0.3,2.04,9.75,7.47,8.71,2.6,3.2,undefined,,-0.6,-0.5,33.9,34.7,38.1,33.8,undefined,293.4,7.45,7.47,7.14,undefined,BLZ,1.25,Belize,0.05,0.46,400000,0.66,0.15,Latin America and the Caribbean,-0.5,-0.4,-0.96,-0.778,48.5,11,8.22
0.62,0.515,0.525,640e0b1661fc7dcab609c5a7,41.4,-0.55,-0.15,6.7,6.6,2.93,3,undefined,undefined,14.6,36.5,-0.6,-0.2,21.9,30.2,40.3,13.4,41.4,29.1,3.54,2.93,2.97,52.8,BEN,0.56,Benin,0.05,-0.3,11000000,2.79,6.72,Sub-Saharan Africa,-0.5,-0.4,-0.62,-0.594,34.5,1,1.57
1.38,0.612,0.666,640e0b1661fc7dcab609c5a8,100,1.57,1.55,3.06,-10.08,6.85,5.68,100.0,100.0,undefined,38.8,0.6,0.8,30.5,50.9,73.5,28.6,36.7,116,7.23,6.85,5.68,36.1,BTN,undefined,Bhutan,1.13,0.97,800000,8.14,3.65,Southern Asia,-0.3,-0.4,0.63,0.636,47.7,2.4,4.33
1.94,0.693,0.692,640e0b1661fc7dcab609c5a9,97.6,-0.66,-0.86,4.22,6.11,8.9,undefined,32.5,35.6,undefined,47,-0.4,-0.7,42.2,23.1,28.7,23.3,45,245.9,8.66,8.9,undefined,13.1,BOL,1.54,Bolivia,-0.3,-0.32,11000000,6.79,4.9,Latin America and the Caribbean,-0.9,-1.2,-1.21,-1.163,44.8,3.7,8.51
6.38,0.768,0.78,640e0b1661fc7dcab609c5aa,100,-0.52,-0.64,3.74,7.1,undefined,undefined,36.7,37.3,28.5,33.8,-0.5,-1,44.1,28.4,33.4,25.3,47.8,553.8,undefined,undefined,undefined,2.2,BIH,0.89,Bosnia and Herzegovina,-0.38,-0.38,3900000,13.28,undefined,Southern Europe,-0.2,-0.2,-0.21,-0.279,50.2,25.8,15.22
3.15,0.717,0.693,640e0b1661fc7dcab609c5ab,72,0.8,0.69,3.98,11.36,6.72,8.74,0.0,0.2,23.9,60.5,0.4,0.4,34.9,56.6,61.4,16.6,31.9,481.5,7.3,6.72,6.91,77.5,BWA,2.86,Botswana,1.03,0.98,2200000,undefined,undefined,Sub-Saharan Africa,0.5,0.6,0.51,0.482,44.1,18.4,24.72
2.06,0.759,0.754,640e0b1661fc7dcab609c5ac,100,-0.53,-0.48,1.78,4.62,6.09,undefined,75.0,86.0,32.5,49,-0.3,-0.5,40.5,31.4,40,34.3,54.6,853.4,6.32,6.09,undefined,11.4,BRA,1.19,Brazil,-0.41,-0.49,209000000,0.52,undefined,Latin America and the Caribbean,-0.1,-0.1,-0.28,-0.28,51.6,11.5,14.4
16.13,0.853,0.829,640e0b1661fc7dcab609c5ad,100,0.71,1.25,0.05,-1.61,undefined,undefined,0.1,0.0,22.1,,1.1,1.5,37.5,45.4,61.1,undefined,undefined,671.6,undefined,undefined,undefined,23.2,BRN,3.26,Brunei,1.19,1.17,400000,0.77,1.68,South-eastern Asia,0.7,1,0.65,0.89,72.5,2,7.65
5.61,0.813,0.795,640e0b1661fc7dcab609c5ae,99.7,-0.16,-0.24,2.68,4.18,undefined,undefined,18.8,21.1,39.5,40.2,0.3,-0.1,36.3,38.2,45.6,20.4,40.1,697.9,4.08,undefined,undefined,5.8,BGR,1.59,Bulgaria,0.37,0.46,7000000,13.3,undefined,Eastern Europe,0.6,0.4,-0.04,-0.044,59.9,8,5.42
0.25,0.423,0.449,640e0b1661fc7dcab609c5af,19,-0.11,-0.06,6.6,6.91,5.49,5.52,9.9,12.5,15.3,39.5,-0.6,-0.7,23.3,31.8,41.4,17.9,41.5,42.3,5.63,5.49,5.7,24.3,BFA,2.89,Burkina Faso,-0.92,-1.64,19000000,20.66,24.5,Sub-Saharan Africa,-0.4,-0.5,-0.4,-0.438,33.4,3,4.76
0.06,0.417,0.426,640e0b1661fc7dcab609c5b0,11.7,-1.28,-1.58,1.61,1.8,5.08,5.04,87.0,65.5,12.3,42.4,-1.3,-1.3,26.7,26.2,12.2,15.6,37.7,20.6,4.76,5.08,5.35,3.4,BDI,1.92,Burundi,-1.97,-1.36,11000000,6.39,10.11,Sub-Saharan Africa,-0.8,-1,-1.4,-1.294,28.3,1.6,1.79
1.18,0.654,0.662,640e0b1661fc7dcab609c5b1,94.2,0.84,undefined,4.53,6.95,5.37,7.58,30.7,19.0,undefined,,0.2,undefined,30.8,42.8,60.9,undefined,undefined,177.9,5.18,5.37,4.73,6.7,CPV,undefined,Cabo Verde,0.9,undefined,500000,6.45,undefined,Sub-Saharan Africa,-0.2,undefined,0.41,undefined,undefined,10.5,undefined
0.98,0.582,0.593,640e0b1661fc7dcab609c5b2,86.4,-1.29,-1.18,7.47,3.03,2.16,undefined,47.7,50.1,20.5,37.9,-0.7,-0.4,21.2,17.7,12.3,25.6,48,113.3,3.2,2.16,undefined,39.2,KHM,2.32,Cambodia,0.17,-0.13,16000000,9.31,10.85,South-eastern Asia,-0.5,-0.6,-1.06,-0.9,38.5,0.3,15.42
0.36,0.556,0.576,640e0b1661fc7dcab609c5b3,64.7,-1.18,-1.09,3.96,3.49,3.03,3.17,77.0,64.3,15.1,44.6,-0.8,-0.9,21.6,23.4,19.9,16.7,39.9,54,3.06,3.03,3.08,63.8,CMR,1.02,Cameroon,-1.08,-1.41,24000000,undefined,undefined,Sub-Saharan Africa,-0.8,-0.9,-1.02,-1.097,32.1,4.5,0.61
15.43,0.926,0.936,640e0b1661fc7dcab609c5b4,100,1.92,1.65,2.78,4.56,undefined,undefined,64.7,68.8,50.8,32.1,1.9,1.6,39.9,78.3,86.7,23.9,40.2,5048.4,undefined,undefined,undefined,3.9,CAN,1.32,Canada,1.11,0.94,37000000,0.21,undefined,Northern America,1.9,1.6,1.8,1.627,76.9,7.1,3.87
0.05,0.367,0.404,640e0b1661fc7dcab609c5b5,15.5,-1.17,-1.23,3.79,0.9,1.57,2.17,86.2,99.4,undefined,43.6,-1.8,-1.6,13.4,24.6,18.3,undefined,25.2,37.2,1.75,1.57,1.77,4.4,CAF,1.86,Central African Republic,-1.94,-2.1,4900000,undefined,undefined,Sub-Saharan Africa,-1.5,-1.5,-1.73,-1.667,16.1,6.9,7.51
0.14,0.404,0.394,640e0b1661fc7dcab609c5b6,11.1,-1.43,-1.48,2.37,-1.2,2.26,2.91,undefined,undefined,undefined,43.3,-1.5,-1.4,17.7,23.1,13.1,12.8,30.4,29.9,2.45,2.26,2.37,11.6,TCD,2.79,Chad,-1.34,-1.34,15000000,25.72,undefined,Sub-Saharan Africa,-1.2,-1.2,-1.3,-1.325,20.4,5.8,1.88
4.82,0.843,0.855,640e0b1661fc7dcab609c5b7,100,1.04,0.98,3.99,11.67,5.43,undefined,44.7,48.3,34,50.5,0.9,0.6,25,61.2,71.4,31.7,45.6,1375.8,5.42,5.43,undefined,5.5,CHL,1.96,Chile,0.38,0.06,18000000,1.28,undefined,Latin America and the Caribbean,1.3,1,1.01,0.914,62.6,6.6,9.13
7.61,0.752,0.768,640e0b1661fc7dcab609c5b8,100,-0.27,0.05,6.75,8.11,3.54,3.57,25.0,29.2,55.3,46.5,0.4,0.8,30.7,47.3,39.3,25.7,41.9,535.1,3.67,3.54,3.54,57.9,CHN,1.74,China,-0.25,-0.48,1386000000,undefined,undefined,Eastern Asia,-0.2,-0.3,-0.26,0.035,50.8,4.6,4.82
1.61,0.843,0.752,640e0b1661fc7dcab609c5b9,100,-0.37,-0.34,2.56,10.56,4.45,4.93,69.4,67.1,29.2,51.1,-0.1,0,29.2,33.4,42,40.7,60.2,495.3,4.54,4.45,4.51,47.2,COL,3.40,Colombia,-0.79,-0.91,49000000,2.28,1.21,Latin America and the Caribbean,0.3,0.2,-0.36,-0.452,49.1,9.9,14.34
0.38,0.752,0.558,640e0b1661fc7dcab609c5ba,86.7,-0.68,-1.29,3.64,2.35,undefined,undefined,3.7,0.4,undefined,55.9,-1.6,-1.8,27.2,27.5,20.1,23.1,42.4,72.3,undefined,undefined,undefined,12.2,COM,undefined,Comoros,0.03,-0.23,800000,18.15,undefined,Sub-Saharan Africa,-1,-1.2,-1.05,-1.225,undefined,20,9.45
0.04,0.457,0.479,640e0b1661fc7dcab609c5bb,19.1,-1.42,-1.55,5.82,5.71,undefined,2.7,54.6,28.9,undefined,42.1,-1.6,-1.7,13.2,27.3,11.8,undefined,40.5,20.6,1.45,undefined,undefined,33,COD,0.56,Congo (Dem. Rep.),-2.3,-1.61,81000000,undefined,undefined,Sub-Saharan Africa,-1.5,-1.4,-1.69,-1.704,24.8,3.6,5.43
1.35,0.606,0.571,640e0b1661fc7dcab609c5bc,49.5,-1.33,-1.37,-4.81,-3.5,3,4.45,99.8,99.9,undefined,48.9,-1.2,-1.6,47.1,24.6,13.4,18.8,47.2,48.6,4.45,3,3.58,11.4,COG,2.91,Congo (Rep.),-0.53,-0.61,4500000,15.63,undefined,Sub-Saharan Africa,-1.3,-1.4,-1.1,-1.136,32.7,11.2,23.01
1.63,0.794,0.809,640e0b1661fc7dcab609c5bd,99.9,0.47,0.5,2.62,7.58,6.77,6.8,99.1,99.8,28.7,48.5,0.3,0.3,19.3,51.8,63.1,44.7,62.1,921.6,7.07,6.77,6.8,14,CRI,undefined,Costa Rica,0.51,0.87,4900000,0.12,0.07,Latin America and the Caribbean,0.5,0.5,0.45,0.452,58.9,9,17.95
0.42,0.794,0.55,640e0b1661fc7dcab609c5be,69.7,-0.52,-0.37,6.89,7.02,3.24,3.44,undefined,undefined,17.8,41.5,-0.7,-0.5,22.6,36.6,33.8,14.4,39.6,75.1,3.8,3.24,3.72,48.3,CIV,1.25,"Cote d'Ivoire",-1.09,-0.95,24000000,6.18,3.34,Sub-Saharan Africa,-0.4,-0.3,-0.63,-0.634,30.5,9.3,3.47
4.06,0.831,0.858,640e0b1661fc7dcab609c5bf,100,0.19,0.06,2.9,10.45,3.91,undefined,68.5,59.2,35.6,30.8,0.6,0.6,47.4,40.5,50,30.2,46.2,1040.1,3.85,3.91,undefined,46.7,HRV,2.74,Croatia,0.75,0.71,4200000,1.62,undefined,Southern Europe,0.4,0.5,0.33,0.303,64.5,13.5,8.68
2.29,0.777,0.764,640e0b1661fc7dcab609c5c0,100,0.27,-0.01,2.25,-10.95,undefined,undefined,4.2,4.6,undefined,,-0.2,-0.2,62.4,38.1,39.9,undefined,undefined,1031.9,undefined,undefined,undefined,undefined,CUB,...,Cuba,0.69,0.43,11000000,2.16,0.2,Latin America and the Caribbean,-1.3,-1.4,-0.43,-0.404,undefined,2.9,2.76
6,0.869,0.896,640e0b1661fc7dcab609c5c1,100,0.78,0.39,5.69,5.51,undefined,undefined,9.2,13.3,46.2,34.8,0.9,0.7,39.6,41.3,62.9,30.7,49.4,1996.5,5.72,undefined,undefined,2.3,CYP,1.99,Cyprus,0.6,0.44,800000,0.58,undefined,Western Asia,1,0.9,0.88,0.637,65.9,11.7,6.13
9.02,0.888,0.889,640e0b1661fc7dcab609c5c2,100,0.57,0.64,3.2,3.34,4.27,4.27,12.1,15.6,42.8,,1,1.1,41.4,51.1,59.6,27.3,46.8,1844.2,3.81,4.27,undefined,3.1,CZE,1.43,Czech Republic,1.02,0.96,11000000,0.41,undefined,Eastern Europe,1.2,1.3,1.12,1.126,71.1,4,2.89
5.11,0.929,0.948,640e0b1661fc7dcab609c5c3,100,2.19,2.37,1.99,4.69,6.79,6.79,69.4,85.2,55.9,29,1.8,2,54.6,84.1,99.5,32.7,45.3,6003.3,7.75,6.79,undefined,27.9,DNK,1.37,Denmark,0.87,0.95,6000000,0.6,undefined,Northern Europe,1.6,1.8,1.86,1.936,82,6.1,4.8
0.43,0.476,0.509,640e0b1661fc7dcab609c5c4,61.8,-0.64,-0.78,4.77,4.31,3.63,3.63,undefined,1.7,undefined,40.9,-1,-0.8,49.3,29,24.5,16.4,undefined,61.8,3.75,3.63,undefined,31.7,DJI,undefined,Djibouti,-0.71,-0.71,1000000,37.89,33.48,Sub-Saharan Africa,-0.6,-0.9,-0.91,-1.009,undefined,6.6,28.39
2.54,0.736,0.767,640e0b1661fc7dcab609c5c5,100,-0.74,-0.57,6.98,12.27,3.93,4.62,12.2,10.9,22.7,47.1,-0.4,0,17.7,26.2,30.8,30.3,54.8,491.1,3.92,3.93,4.04,19.5,DOM,0.65,Dominican Republic,0.16,0.14,11000000,5.67,4.11,Latin America and the Caribbean,-0.1,0.1,-0.42,-0.096,48.1,14.4,8.5
2.26,0.752,0.74,640e0b1661fc7dcab609c5c6,98.8,-0.6,-0.57,1.29,4.24,4.62,4.13,54.1,81.2,20.3,45.9,-0.3,-0.2,39.8,30.2,37.2,37,58.8,486.5,4.61,4.62,4.23,16.6,ECU,2.46,Ecuador,-0.1,-0.27,17000000,1.31,1.38,Latin America and the Caribbean,-1,-0.7,-0.7,-0.339,48.1,5.4,6.43
2.48,0.696,0.731,640e0b1661fc7dcab609c5c7,100,-0.54,-0.68,5.31,3.33,undefined,2.48,8.7,9.6,22.7,31.8,-0.6,-0.4,34.1,32.2,28.7,23.8,43.2,149.8,undefined,undefined,2.61,3.1,EGY,1.30,Egypt,-1.42,-1.02,98000000,0.65,undefined,Northern Africa,-0.9,-0.5,-0.53,-0.245,43.1,12,9.33
1.21,0.674,0.675,640e0b1661fc7dcab609c5c8,100,-0.51,-0.53,2.43,10.8,3.61,3.39,58.4,71.2,19.9,36,-0.4,-0.3,21.3,25.2,36.1,35.6,56.3,300.1,3.73,3.61,3.39,1.6,SLV,1.37,El Salvador,-0.25,-0.21,6000000,undefined,undefined,Latin America and the Caribbean,-0.2,-0.3,-0.86,-0.848,47.2,6.3,5.94
3.95,0.591,0.596,640e0b1661fc7dcab609c5c9,66.7,-1.83,-1.57,-6.24,-0.95,undefined,undefined,45.9,10.6,undefined,,-1.4,-1.2,36.1,26.2,6.5,undefined,undefined,254.9,undefined,undefined,undefined,3.6,GNQ,1.31,Equatorial Guinea,-0.15,-0.29,800000,undefined,undefined,Sub-Saharan Africa,-1.4,-1.7,-1.49,-1.197,undefined,7.3,9.24
0.25,0.44,0.492,640e0b1661fc7dcab609c5ca,52.2,-1.2,-1.24,undefined,undefined,undefined,undefined,1.0,5.3,undefined,,-1.7,-1.7,28.5,23.4,11.1,undefined,undefined,25.3,undefined,undefined,undefined,2.7,ERI,...,Eritrea,-0.66,-1.01,5000000,47.35,undefined,Sub-Saharan Africa,-2.2,-2.3,-1.56,-1.572,undefined,7.3,8.05
7.67,0.871,0.89,640e0b1661fc7dcab609c5cb,100,1.24,1.54,4.13,8.35,5.26,undefined,16.5,44.2,50.2,34.8,1.1,1.4,39.8,75.7,83.9,17.9,34.4,1598.8,4.96,5.26,undefined,35.4,EST,2.16,Estonia,0.66,0.76,1300000,2.16,undefined,Northern Europe,1.6,1.6,1.28,1.428,70.8,6.9,6.33
0.84,0.588,0.597,640e0b1661fc7dcab609c5cc,79.7,-0.3,-0.65,2.38,7.43,5.68,5,53.6,54.6,undefined,50.4,-0.6,-0.7,34.1,26.9,32.1,15.5,35.3,264.1,6.14,5.68,5.65,undefined,SWZ,1.70,Eswatini,-0.3,-0.03,1100000,16.35,undefined,Sub-Saharan Africa,-0.6,-0.6,-0.29,-0.561,undefined,25.3,25.76
0.16,0.463,0.498,640e0b1661fc7dcab609c5cd,51.1,-0.56,-0.4,6.82,5.64,5.07,5.07,100.0,100.0,16.3,33,-0.7,-0.6,17.7,37.7,33.2,26.7,41.7,26.7,5.65,5.07,undefined,3.2,ETH,0.53,Ethiopia,-1.69,-2.07,105000000,undefined,12.79,Sub-Saharan Africa,-1,-0.9,-0.45,-0.606,32.3,5.7,3.69
1.83,0.741,0.73,640e0b1661fc7dcab609c5ce,100,0.36,0.47,3.81,-4.08,4.84,5.07,46.2,57.9,undefined,,0.1,0.6,32.6,34.8,54.3,undefined,undefined,235.7,4.65,4.84,5.07,3.4,FJI,1.65,Fiji,0.79,0.67,900000,undefined,1.18,Melanesia,-0.2,0,-0.25,0.311,49,7.9,5.24
7.37,0.92,0.94,640e0b1661fc7dcab609c5cf,100,2.22,2.27,1.14,3.47,6.28,undefined,46.3,53.2,56.9,27.2,1.9,2,57.1,89.8,96.4,31.3,51.3,4450.3,6.36,6.28,undefined,23,FIN,2.03,Finland,1.07,0.98,6000000,1.33,undefined,Northern Europe,1.8,1.9,2.03,2.058,81.3,9,7.53
4.47,0.901,0.903,640e0b1661fc7dcab609c5d0,100,1.26,1.31,1.87,6.96,5.41,undefined,16.8,23.7,55,29.3,1.4,1.3,57,65.1,75.9,30.4,51.8,4491.7,5.45,5.41,undefined,undefined,FRA,1.95,France,0.21,0.37,67000000,0.01,undefined,Western Europe,1.2,1.2,1.44,1.289,73.9,10,8.06
0.25,0.46,0.5,640e0b1661fc7dcab609c5d1,62.3,undefined,-0.36,7.23,5.63,2.37,2.76,undefined,1.0,undefined,50.2,undefined,-0.6,29.4,36.8,38.1,undefined,undefined,29.7,2.46,2.37,2.79,51.4,GMB,0.75,"Gambia, The",undefined,0.18,2100000,18.19,13.63,Sub-Saharan Africa,undefined,-0.9,undefined,-0.386,undefined,29.7,11.21
2.72,0.78,0.802,640e0b1661fc7dcab609c5d2,100,0.74,0.69,4.84,10.36,3.52,3.85,78.9,75.9,27.9,40.1,0.6,0.7,29.8,61.8,64.4,31.1,44.3,291.1,3.57,3.52,3.81,33,GEO,1.67,Georgia,-0.37,-0.42,3700000,0.79,0.62,Western Asia,1.1,1.1,0.33,0.171,55.4,11.6,10.66
7.91,0.936,0.942,640e0b1661fc7dcab609c5d3,100,1.84,1.81,1.09,2.89,4.98,undefined,31.8,48.6,57.2,27,1.7,1.3,44.2,75.3,89.4,29.8,52.7,5440.3,4.87,4.98,undefined,47.2,DEU,1.34,Germany,0.58,0.76,83000000,0.69,undefined,Western Europe,1.8,1.6,1.61,1.609,79.6,4.3,3.54
0.66,0.592,0.632,640e0b1661fc7dcab609c5d4,85.9,-0.23,-0.11,6.2,5.36,3.89,undefined,52.2,38.5,20.8,42.3,-0.1,-0.1,26.5,32.9,45.4,21.4,39.5,75.3,3.53,3.89,undefined,undefined,GHA,0.49,Ghana,0.09,0.07,29000000,3.62,5.98,Sub-Saharan Africa,-0.1,-0.2,0.13,-0.081,40.2,5.8,4.7
5.6,0.87,0.887,640e0b1661fc7dcab609c5d5,100,-0.14,0.21,1.67,8.34,3.6,undefined,29.7,43.6,34.5,36.7,0.3,0.4,51.3,37.9,52.3,23.6,48.8,1500.6,3.48,3.6,undefined,14.5,GRC,3.87,Greece,-0.13,0.15,11000000,1.43,0.89,Southern Europe,0.2,0.4,0.08,0.35,64.1,23.9,14.8
1.16,0.65,0.627,640e0b1661fc7dcab609c5d6,97.1,-0.74,-1.17,3.32,7.53,3.14,3.3,61.7,75.4,17.8,53,-0.6,-0.8,12.5,27.3,26.5,34.2,57.9,271,2.95,3.14,3.2,undefined,GTM,0.44,Guatemala,-0.57,-0.39,17000000,10.63,10.55,Latin America and the Caribbean,-0.3,-0.3,-1.06,-1.093,42.5,2.4,3.57
0.31,0.459,0.465,640e0b1661fc7dcab609c5d7,44.7,-1.01,-1,6.36,3.12,2.38,2.2,50.0,63.6,11.6,39.4,-1,-0.9,25.4,26.9,25.6,undefined,38.1,43,2.32,2.38,1.85,34.7,GIN,1.48,Guinea,-0.61,-0.97,13000000,undefined,14.46,Sub-Saharan Africa,-0.8,-1,-1.23,-1.131,28.3,6.8,6.34
0.17,0.455,0.483,640e0b1661fc7dcab609c5d8,33.3,-1.56,-1.3,1.28,3.8,2.14,2.71,undefined,2.4,undefined,,-1.8,-1.4,21.9,27.3,15.9,undefined,undefined,62.6,2.2,2.14,2.95,58.3,GNB,1.78,Guinea-Bissau,-0.6,-0.28,1700000,undefined,undefined,Sub-Saharan Africa,-1.2,-1.3,-1.44,-1.438,undefined,6.5,6.76
3.64,0.654,0.714,640e0b1661fc7dcab609c5d9,92.5,-0.51,-0.17,4.44,19.93,4.45,undefined,undefined,2.4,undefined,44.6,-0.3,-0.2,31.2,34.8,41.5,undefined,undefined,325.9,4.66,4.45,undefined,4.1,GUY,0.96,Guyana,-0.04,-0.14,800000,undefined,undefined,Latin America and the Caribbean,-0.4,-0.5,-0.29,-0.398,42.8,11.4,16.42
0.29,0.498,0.535,640e0b1661fc7dcab609c5da,46.9,-1.24,-1.42,1.67,-1.8,1.63,undefined,8.4,13.6,undefined,60.8,-2.1,-2.2,21.9,24.6,14.3,28.6,38.2,57,1.5,1.63,undefined,3.4,HTI,0.19,Haiti,-0.7,-1.1,11000000,undefined,undefined,Latin America and the Caribbean,-1.3,-1.3,-1.09,-1.251,24.2,13.2,15.73
1.05,0.617,0.621,640e0b1661fc7dcab609c5db,93.2,-0.72,-1.07,3.84,12.53,6.06,6.44,43.6,57.5,17.3,47.1,-0.5,-0.8,27.9,28.2,25.4,27.2,57.7,187.6,4.94,6.06,4.91,45.6,HND,1.61,Honduras,-0.55,-0.61,9000000,15.7,undefined,Latin America and the Caribbean,-0.4,-0.5,-1.05,-1.072,41.9,6.3,8.51
4.75,0.838,0.846,640e0b1661fc7dcab609c5dc,100,0.09,0.04,5.36,7.1,4.62,undefined,11.6,17.9,39.8,28.2,0.5,0.6,48.5,36.4,44.4,26.4,45.4,1062.4,4.61,4.62,undefined,17.3,HUN,1.64,Hungary,0.81,0.86,10000000,2.43,2.47,Eastern Europe,0.7,0.5,0.53,0.531,66.1,5.2,4.12
4.55,0.935,0.959,640e0b1661fc7dcab609c5dd,100,1.84,1.79,4.89,3.7,7.56,undefined,100.0,100.0,49.5,28,1.5,1.6,43.1,77.3,85.3,31.1,48,6275,7.58,7.56,undefined,2.9,ISL,...,Iceland,1.37,1.37,300000,4.44,5.47,Northern Europe,1.4,1.5,1.61,1.755,83.7,3.8,5.4
1.8,0.64,0.633,640e0b1661fc7dcab609c5de,99,-0.24,-0.29,6.45,8.95,4.36,4.47,15.1,21.7,36.6,35.2,0.1,0.3,27.3,47.2,42.4,29.2,36.4,63.7,4.31,4.36,4.41,undefined,IND,2.66,India,-0.83,-0.62,1339000000,undefined,5.37,Southern Asia,-0.3,-0.1,0,-0.081,40,3.5,5.98
2.29,0.694,0.705,640e0b1661fc7dcab609c5df,96.9,-0.25,-0.43,5.17,3.69,3,2.84,11.2,17.7,27.9,36.8,0,0.4,17.6,42.8,39.9,35.7,49.6,120.1,2.67,3,2.84,42.6,IDN,0.70,Indonesia,-0.51,-0.51,264000000,5.62,undefined,South-eastern Asia,-0.1,0.3,-0.35,-0.225,46.4,5.6,4.41
7.6,0.798,0.774,640e0b1661fc7dcab609c5e0,100,-0.81,-1.1,-2.25,1.76,3.96,3.59,5.4,9.4,32.9,44.5,-0.2,-0.9,17.2,32.6,19.8,24,43.6,470.4,3.79,3.96,3.66,21.3,IRN,2.30,Iran,-0.93,-1.62,81000000,undefined,0.14,Southern Asia,-1.2,-1.6,-0.68,-0.947,48,11.3,11.46
4.44,0.685,0.686,640e0b1661fc7dcab609c5e1,100,-1.37,-1.25,2.63,2.78,undefined,undefined,3.9,2.8,11.9,,-1.3,-1.3,42.7,23.4,undefined,26.5,45.3,253.3,undefined,undefined,undefined,1.5,IRQ,2.28,Iraq,-2.33,-2.4,38000000,undefined,undefined,Western Asia,-1.2,-1.1,-1.64,-1.732,37,16,14.19
7.25,0.938,0.945,640e0b1661fc7dcab609c5e2,100,1.55,1.65,9.03,13.48,3.39,undefined,29.7,42.4,48.5,31.3,1.3,1.5,31.9,79,80.7,30,51.1,5428.6,3.51,3.39,undefined,11.1,IRL,0.26,Ireland,1.02,0.86,4700000,0,0.14,Northern Europe,1.6,1.6,1.43,1.53,80.3,8.1,6.63
6.92,0.903,0.919,640e0b1661fc7dcab609c5e3,100,0.83,0.86,3.98,8.19,6.11,undefined,2.0,6.3,50.2,42.8,1.4,1.3,40.1,61.2,65.2,28.8,48.2,3456.4,6.06,6.11,undefined,2.5,ISR,5.17,Israel,-0.88,-1.06,9000000,0.31,0.5,Western Asia,1.3,1.2,1.02,0.942,66.5,5.6,5.05
5.31,0.88,0.895,640e0b1661fc7dcab609c5e4,100,0.19,0.54,0.93,6.64,4.26,undefined,40.9,44.2,46.1,31.9,0.5,0.4,50.3,40.1,57.3,28.1,50.7,2905.5,4.04,4.26,undefined,11.4,ITA,1.52,Italy,0.24,0.58,61000000,3.15,3.5,Southern Europe,0.7,0.5,0.32,0.269,69.1,11.5,9.83
2.85,0.732,0.709,640e0b1661fc7dcab609c5e5,100,-0.17,-0.03,1.89,4.6,5.41,6.03,10.8,11.9,27.7,35,0.5,0.4,27.6,39.4,49,36.9,57.9,327.4,5.26,5.41,5.16,12.9,JAM,1.41,Jamaica,0.25,0.22,2800000,26.46,33.3,Latin America and the Caribbean,0.1,0.2,-0.16,-0.168,49.7,13.3,9.18
8.54,0.909,0.925,640e0b1661fc7dcab609c5e6,100,1.52,1.57,0.58,1.62,3.08,undefined,17.4,25.8,53.6,37.9,1.6,1.4,39.1,79.2,81.4,28.3,47.1,4360.5,3.13,3.08,undefined,8.9,JPN,1.07,Japan,1.12,1.03,127000000,undefined,undefined,Eastern Asia,1.4,1.4,1.57,1.579,75.2,3.1,2.8
2.44,0.735,0.72,640e0b1661fc7dcab609c5e7,99.9,0.26,0.05,1.93,2.21,2.98,undefined,1.0,15.5,27.4,39.7,0.1,0.2,32,51.9,49.5,undefined,43.9,334,3.23,2.98,2.99,1.8,JOR,5.02,Jordan,-0.53,-0.28,10000000,19.02,20.08,Western Asia,0.1,0.2,0.26,0.213,48.7,13.2,19.25
11.46,0.8,0.811,640e0b1661fc7dcab609c5e8,100,-0.82,-0.24,4.1,4,2.62,undefined,9.3,11.1,24.7,26.3,0,0.1,22.2,44.6,37.9,19.1,38.6,273,2.75,2.62,2.86,31.2,KAZ,0.87,Kazakhstan,0.02,-0.25,18000000,0.99,9.61,Central Asia,0.2,0.1,-0.41,-0.487,57.7,5.2,4.9
0.42,0.59,0.575,640e0b1661fc7dcab609c5e9,71.4,-0.96,-0.71,5.65,7.52,5.11,4.8,88.2,88.5,22.8,48.5,-0.3,-0.3,27.4,27.5,30.9,24.2,45.2,83.4,4.96,5.11,4.97,15.7,KEN,1.12,Kenya,-1.08,-1.09,50000000,undefined,undefined,Sub-Saharan Africa,-0.2,-0.4,-0.41,-0.39,35.4,11,5.74
2.18,undefined,undefined,640e0b1661fc7dcab609c5ea,52.3,-1.48,-1.61,undefined,undefined,undefined,undefined,2.1,7.6,undefined,,-1.7,-1.6,undefined,25.2,3.8,undefined,undefined,undefined,10.86,11.97,12.39,2.7,PRK,...,Korea (Dem. Peopleâ€™s Rep.),-0.48,-0.45,25000000,undefined,undefined,Eastern Asia,-2.3,-2.3,-1.71,-1.626,undefined,4.3,2.59
11.8,0.903,0.925,640e0b1661fc7dcab609c5eb,100,0.48,0.76,2.91,4.02,4.46,undefined,73.8,85.0,57.8,35.7,1.1,1.4,32.3,49.9,69.2,24.8,39.8,2624.5,undefined,undefined,undefined,7.6,KOR,2.78,Korea (Rep.),0.29,0.66,51000000,0.92,0.01,Eastern Asia,1.1,1.1,1.16,1.127,undefined,3.7,3.53
22.02,0.803,0.831,640e0b1661fc7dcab609c5ec,100,-0.33,-0.03,2.43,undefined,6.39,6.55,undefined,0.1,29.2,,-0.2,0,51.5,36.6,43.8,undefined,33.3,1758.7,6.37,6.39,6.49,13.7,KWT,6.69,Kuwait,-0.04,0.3,4200000,undefined,undefined,Western Asia,-0.1,0.2,0.1,0.261,65.7,2.4,3.71
1.56,0.672,0.692,640e0b1661fc7dcab609c5ed,100,-1.05,-1.12,3.76,3.61,5.55,5.37,85.8,92.4,21.1,33.4,-0.7,-0.7,37.3,29.4,28.8,33.1,53.7,62.1,6.03,5.55,5.37,22,KGZ,1.67,Kyrgyzstan,-0.43,-0.43,6000000,0.29,0.12,Central Asia,-0.4,-0.6,-0.93,-1.074,45.4,7.7,9.1
2.61,0.601,0.607,640e0b1661fc7dcab609c5ee,100,-0.94,-1.04,6.25,2.53,2.37,2.23,96.5,64.4,17.4,36.7,-0.4,-0.6,26.3,33.1,20.4,undefined,42.8,68.2,2.52,2.37,2.3,6,LAO,...,Laos,0.43,0.73,7000000,8.51,8.24,South-eastern Asia,-0.7,-0.9,-0.88,-0.642,37.8,1.5,1.26
3.96,0.847,0.863,640e0b1661fc7dcab609c5ef,100,0.54,0.75,3.99,4.48,4.24,undefined,51.5,66.6,36.5,34.5,0.9,0.9,37,45.4,61.1,17.1,34.1,1166.8,4.37,4.24,undefined,undefined,LVA,2.28,Latvia,0.46,0.69,2000000,1.13,1.18,Northern Europe,1.2,1.2,0.93,0.981,66.1,9.9,7.6
4.08,0.757,0.706,640e0b1661fc7dcab609c5f0,100,-1,-1.23,-1.88,-10.52,2.52,undefined,2.8,3.9,undefined,,-0.5,-1.3,26.9,20.2,22.8,21.9,39,663.1,2.13,2.52,2.59,58.1,LBN,...,Lebanon,-1.59,-1.49,4600000,undefined,undefined,Western Asia,-0.3,-0.9,-0.82,-1.074,44.8,6.8,14.49
0.36,0.52,0.514,640e0b1661fc7dcab609c5f1,47.4,-0.03,-0.32,-1.22,1.02,7.29,8.7,100.0,100.0,undefined,63.2,-0.9,-0.9,50.4,32.9,42.8,16.7,27.3,124.2,8.16,7.29,7.99,7.7,LSO,1.29,Lesotho,-0.25,-0.22,1900000,6.82,undefined,Sub-Saharan Africa,-0.3,-0.7,-0.27,-0.41,29.5,27.4,24.6
0.24,0.435,0.481,640e0b1661fc7dcab609c5f2,27.5,-0.69,-0.92,1.16,4,2.5,2.69,undefined,1.3,undefined,32,-1.4,-1.4,36.8,32,25.1,22.2,46,52.6,2.66,2.5,2.27,9.5,LBR,0.95,Liberia,-0.41,-0.24,4400000,undefined,undefined,Sub-Saharan Africa,-1,-1,-0.97,-0.926,30.6,4,4.09
8.38,0.706,0.718,640e0b1661fc7dcab609c5f3,69.7,-1.59,-1.57,7.94,31.37,undefined,undefined,undefined,0.0,undefined,,-1.8,-1.7,92.9,23.1,undefined,undefined,42.7,undefined,undefined,undefined,undefined,22,LBY,...,Libya,-2.33,-2.37,6000000,undefined,undefined,Northern Africa,-2.2,-2,-1.78,-1.784,undefined,19.2,19.58
4.2,0.858,0.875,640e0b1661fc7dcab609c5f4,100,2.06,0.85,3.99,5,3.89,undefined,48.1,71.3,37.4,37.9,1,1.1,34.7,50.9,66.6,21,36.9,1370,3.81,3.89,undefined,2.3,LTU,2.02,Lithuania,0.78,0.82,2900000,0.18,0.1,Northern Europe,1.2,1.3,0.99,1.11,67.4,9.2,7.9
15.31,0.904,0.93,640e0b1661fc7dcab609c5f5,100,1.99,1.87,2,6.89,3.65,undefined,undefined,undefined,49.8,30.4,1.7,1.7,41.4,79,89.5,13.2,31.7,6220.7,3.49,3.65,undefined,3.4,LUX,0.63,Luxembourg,1.34,1.21,600000,1,0.62,Western Europe,1.7,1.9,1.74,1.787,83.2,5.9,5.23
4,undefined,undefined,640e0b1661fc7dcab609c5f6,100,-0.31,-0.35,2.88,3.96,undefined,undefined,32.7,28.6,28.8,33.7,0.1,-0.1,31.5,47.4,38.7,23.4,43.9,436.9,2.71,2.73,3.06,undefined,MKD,1.54,Macedonia,-0.25,0.12,2100000,3,3.53,Southern Europe,0.5,0.4,-0.24,-0.076,52.5,26.7,16.2
0.15,0.519,0.501,640e0b1661fc7dcab609c5f7,33.7,-1.05,-0.93,3.2,4.4,2.84,3.1,59.7,41.3,18.6,41,-1.1,-1,15.4,17.8,23,undefined,44.2,19.8,2.7,2.84,2.99,5.5,MDG,0.77,Madagascar,-0.33,-0.64,26000000,1.96,2.32,Sub-Saharan Africa,-0.7,-0.8,-0.86,-0.867,31.1,2.1,2.59
0.08,0.477,0.512,640e0b1661fc7dcab609c5f8,14.9,-0.65,-0.3,4.39,2.75,3.32,3.71,99.1,88.8,undefined,46.1,-0.7,-0.8,31.3,28.9,29.4,22.1,38.7,30.4,4.03,3.32,3.71,7.4,MWI,0.95,Malawi,-0.27,-0.11,19000000,undefined,undefined,Sub-Saharan Africa,-0.8,-0.8,-0.37,-0.238,32.5,6.7,7.02
7.93,0.802,0.803,640e0b1661fc7dcab609c5f9,100,0.03,0.17,4.84,3.13,4.48,3.92,10.4,17.9,38.7,46.2,0.8,1,24.9,54.8,53.9,30.3,41.7,436.6,4.68,4.48,4.16,5.3,MYS,1.06,Malaysia,0.16,0.14,32000000,0.26,1.6,South-eastern Asia,0.7,0.7,0.41,0.558,59.8,3.3,4.61
3.97,0.717,0.747,640e0b1661fc7dcab609c5fa,100,-0.79,-0.37,8.12,30.96,3.91,4.12,undefined,0.4,undefined,38.4,-0.5,0.4,42.6,36.6,43.1,undefined,undefined,854.4,3.89,3.91,4.12,17.8,MDV,undefined,Maldives,0.26,0.5,400000,3.42,2,Southern Asia,-0.4,-0.5,-0.62,-0.172,undefined,3.2,6.08
0.3,0.427,0.428,640e0b1661fc7dcab609c5fb,50.6,-0.63,-0.87,4.75,3.07,3.91,3.76,54.0,31.5,14.2,40.1,-0.9,-1.2,22.2,31.4,28.3,undefined,39.3,34.3,3.79,3.91,3.48,5.6,MLI,2.82,Mali,-1.91,-2.35,19000000,40.99,undefined,Sub-Saharan Africa,-0.6,-0.6,-0.78,-0.902,29.7,8.1,7.72
3.29,0.878,0.918,640e0b1661fc7dcab609c5fc,100,0.74,0.32,6.03,9.41,undefined,undefined,7.9,11.5,49.1,28.1,1,0.9,40.4,49.9,55.8,29,43.5,2531.9,4.65,undefined,undefined,35,MLT,0.51,Malta,1.27,0.97,400000,undefined,undefined,Southern Europe,1.3,0.8,1.14,0.864,68.8,5.3,3.5
0.87,0.52,0.556,640e0b1661fc7dcab609c5fd,47.3,-0.75,-0.82,4.53,2.3,15.2,15.75,undefined,undefined,12.4,37,-0.7,-0.7,30.1,28.9,23.5,18,34.7,57.9,undefined,undefined,1.82,14.8,MRT,2.38,Mauritania,-0.62,-0.67,3800000,19.69,23.14,Sub-Saharan Africa,-0.8,-1.1,-0.6,-0.671,28.9,11.7,11.46
3.29,0.79,0.802,640e0b1661fc7dcab609c5fe,99.7,0.2,0.47,3.76,4.04,undefined,1.88,23.8,24.6,34.4,35.9,0.9,0.8,25.4,52.1,56.5,27.4,51.5,685.9,5.02,4.83,4.72,29,MUS,0.17,Mauritius,0.99,0.86,1300000,1.3,0.33,Sub-Saharan Africa,1,1.2,0.68,0.873,60.2,7.8,7.41
3.52,0.774,0.758,640e0b1661fc7dcab609c5ff,99.4,-0.93,-1,2.19,4.8,4.25,undefined,16.0,21.9,31,48.2,0,-0.3,27,26.9,32,40.7,54.3,540.4,4.52,4.25,undefined,25.5,MEX,0.68,Mexico,-0.65,-0.64,129000000,0.7,0.79,Latin America and the Caribbean,0.2,-0.2,-0.57,-0.8,49.1,4,4.38
3.32,0.7,0.767,640e0b1661fc7dcab609c600,100,-0.8,-0.45,4.3,13.94,5.44,6.39,5.6,4.9,31.1,26.8,-0.5,-0.4,38,26.6,34.7,undefined,51,284.3,5.62,5.44,6.1,36.3,MDA,0.41,Moldova,-0.24,-0.21,3600000,0.65,0.79,Eastern Europe,0,0,-0.41,-0.332,48.7,5,3.96
undefined,0.741,0.739,640e0b1661fc7dcab609c601,98.1,-0.45,-0.53,7.74,1.42,6.17,4.94,3.3,9.9,28,34,-0.3,-0.5,37.8,34.8,37,14.3,24.5,163.4,4.07,6.17,4.94,undefined,MNG,0.66,Mongolia,0.82,0.65,3000000,undefined,undefined,Eastern Asia,-0.1,-0.2,-0.3,-0.225,50.6,6.7,7.08
7.15,0.814,0.832,640e0b1661fc7dcab609c602,100,-0.09,-0.02,5.08,12.43,undefined,undefined,50.9,59.5,30.3,31.9,0.2,0,46.3,38.1,46.4,25.1,41.3,735.2,undefined,undefined,undefined,13.2,MNE,1.74,Montenegro,0.01,-0.15,600000,0.72,0.62,Southern Europe,0.3,0.4,0.01,-0.059,undefined,17.5,18.49
1.96,0.667,0.683,640e0b1661fc7dcab609c603,100,-0.13,-0.43,3.15,7.37,5.35,6.75,15.7,18.2,28.8,40.9,-0.2,-0.1,31.4,41.3,41,32.7,50.9,174.2,5.12,5.35,5.93,2.5,MAR,4.18,Morocco,-0.41,-0.4,36000000,0.21,0.45,Northern Africa,-0.2,-0.1,-0.17,-0.253,45.8,10,11.47
0.25,0.437,0.446,640e0b1661fc7dcab609c604,30.6,-0.86,-0.81,3.44,2.22,5.45,6.26,87.0,79.5,15,45.6,-0.9,-0.8,36.2,28.2,26.3,23.7,44.2,39.5,5.51,5.45,6.08,49,MOZ,1.51,Mozambique,-0.98,-1.23,30000000,6.07,0.87,Sub-Saharan Africa,-0.7,-0.8,-1.01,-1.035,26.7,24.4,3.98
0.68,0.578,0.585,640e0b1661fc7dcab609c605,70.4,-0.56,-1.03,6.4,-17.98,2.16,2.14,60.1,48.3,16.4,,-1.1,-1.4,22.6,28.2,29.8,24.7,40,60,2.33,2.16,2.14,19.1,MMR,3.33,Myanmar,-1.08,-2.07,53000000,1.95,undefined,South-eastern Asia,-0.8,-1.1,-0.95,-1.456,37,0.8,2.17
1.69,0.647,0.615,640e0b1661fc7dcab609c606,56.3,0.32,0.26,1.06,2.43,8.88,9.64,97.9,96.0,20.6,59.7,0.2,0.1,40.7,45.4,53.9,21.6,36.8,427.3,9.71,8.88,8.93,undefined,NAM,3.00,Namibia,0.65,0.55,2300000,1.52,1.61,Sub-Saharan Africa,-0.2,0,0.24,0.362,39.1,25.6,21.68
0.47,0.574,0.602,640e0b1661fc7dcab609c607,89.9,-0.75,-0.53,7.62,4.25,4.43,4.39,100.0,100.0,17.6,32.8,-0.9,-0.9,20.3,24.6,33.8,30.5,53.1,53.2,4.77,4.43,4.24,23.8,NPL,1.34,Nepal,-0.66,-0.24,29000000,undefined,4.35,Southern Asia,-0.7,-0.6,-0.68,-0.467,41.7,3.2,5.05
8.44,0.931,0.941,640e0b1661fc7dcab609c608,100,1.87,2.04,2.36,5.04,5.36,undefined,14.7,29.1,58,30.3,1.9,1.8,45,86,92.3,35.3,54.9,5335.3,5.18,5.36,undefined,1.8,NLD,1.42,Netherlands,0.92,0.92,17000000,undefined,undefined,Western Europe,2.1,1.8,1.83,1.739,80.3,6.2,4.01
6.83,0.917,0.937,640e0b1661fc7dcab609c609,100,2.24,2.2,3.36,4.65,6.05,undefined,80.8,81.0,47.2,36.2,1.8,1.4,41,95.7,97.5,31.3,57.4,4211,6.26,6.05,undefined,5.7,NZL,1.37,New Zealand,1.59,1.44,4700000,0.38,0.41,Australia and New Zealand,2.1,1.8,1.92,1.818,78.6,5.2,4.12
0.8,0.658,0.667,640e0b1661fc7dcab609c60a,88.9,-0.87,-1.24,-3.36,10.34,4.47,4.63,51.6,60.0,18.1,47.1,-0.6,-0.9,25.8,24.2,19,38.7,55.2,160.8,4.36,4.47,4.6,3.6,NIC,0.60,Nicaragua,-0.05,-0.47,6000000,undefined,undefined,Latin America and the Caribbean,-0.7,-0.8,-0.64,-1.356,43.5,5.9,5.96
0.09,0.354,0.4,640e0b1661fc7dcab609c60b,19.3,-0.65,-0.55,7.21,1.35,3.46,3.84,0.8,4.1,14.6,34,-0.7,-0.6,30.1,30.4,32.5,16.8,41.4,31.4,2.58,3.46,3.53,72.2,NER,1.84,Niger,-1.3,-1.62,21000000,41.3,41.03,Sub-Saharan Africa,-0.7,-0.7,-0.68,-0.405,undefined,2.6,0.75
0.57,0.532,0.535,640e0b1661fc7dcab609c60c,55.4,-1.07,-1.07,1.92,3.65,undefined,undefined,19.0,21.0,16.9,48.8,-1,-1,11,14.4,22.7,22.2,34.1,71.5,undefined,undefined,undefined,13.8,NGA,0.97,Nigeria,-1.94,-1.78,191000000,undefined,undefined,Sub-Saharan Africa,-0.9,-0.9,-0.87,-0.856,26.5,5,9.79
6.72,0.953,0.961,640e0b1661fc7dcab609c60d,100,2.24,2.14,1.12,3.92,7.64,undefined,98.5,99.0,48.8,26.8,2,1.8,48.6,93.6,96,36.8,50.9,8007.4,7.91,7.64,undefined,23.6,NOR,1.84,Norway,1.15,1.1,5000000,0,0.01,Northern Europe,1.8,1.6,2.02,1.95,85.3,4.8,4.99
15.28,0.821,0.816,640e0b1661fc7dcab609c60e,100,0.25,0.09,1.29,-3.2,5.21,5.41,undefined,0.0,26.8,,0.2,-0.1,50,51.5,53.3,21.1,undefined,624.7,5.84,5.21,5.41,35.3,OMN,7.34,Oman,0.74,0.51,4000000,3.24,1.63,Western Asia,0.4,0.3,0.43,0.406,62.1,17.5,3.12
0.88,0.562,0.544,640e0b1661fc7dcab609c60f,75.4,-0.78,-0.79,6.15,6.03,undefined,2.51,33.0,33.8,23,30.7,-0.6,-0.4,19.8,27.3,27.4,31.5,45.1,39.5,2.9,undefined,2.51,12.3,PAK,3.83,Pakistan,-2.4,-1.67,197000000,undefined,undefined,Southern Asia,-0.6,-0.7,-0.72,-0.637,27.9,5.9,4.35
3.14,0.789,0.805,640e0b1661fc7dcab609c610,96.7,-0.54,-0.57,3.69,15.34,2.88,3.91,66.5,66.5,25.7,50.7,0,0.2,23.1,38.8,38,39.5,57.9,1192.8,2.88,2.88,3.13,10,PAN,...,Panama,0.39,0.29,4000000,undefined,10.51,Latin America and the Caribbean,0.4,0.2,0.04,-0.247,54.5,5.8,12.09
0.86,0.544,0.558,640e0b1661fc7dcab609c611,60.4,-0.9,-0.76,-0.28,1.5,1.87,undefined,23.8,20.8,undefined,50.9,-0.7,-0.9,24.5,33.1,26.2,undefined,undefined,65.1,1.96,1.87,undefined,3.7,PNG,0.38,Papua New Guinea,-0.58,-0.58,8000000,undefined,undefined,Melanesia,-0.7,-0.8,-0.82,-0.74,undefined,2.5,2.75
1.17,0.702,0.717,640e0b1661fc7dcab609c612,100,-0.72,-1.01,3.2,4.2,3.28,3.3,100.0,100.0,22.6,51.7,-0.8,-0.6,24.4,28.3,29.5,23.3,47.6,388.4,3.09,3.28,3.47,14.2,PRY,0.97,Paraguay,0.12,0,7000000,undefined,undefined,Latin America and the Caribbean,-0.2,-0.2,-0.65,-0.557,46.2,5.4,7.21
1.75,0.75,0.762,640e0b1661fc7dcab609c613,99.3,-0.5,-0.63,3.97,13.35,3.71,4.25,54.0,61.6,29.1,45.3,-0.1,-0.3,21.9,36.6,39.7,34.6,55.9,370.1,3.93,3.71,3.82,20.9,PER,1.12,Peru,-0.26,-0.41,32000000,1.42,undefined,Latin America and the Caribbean,0.4,0.1,-0.5,-0.516,49.3,4.9,4.83
1.35,0.699,0.699,640e0b1661fc7dcab609c614,96.8,-0.48,-0.51,6.34,5.7,3.13,3.88,26.5,21.8,30.7,44.4,-0.1,0.1,18.9,34.4,34.7,35,57.1,142.1,4.4,3.13,3.23,15.7,PHL,1.04,Philippines,-1.24,-0.93,105000000,3.8,3.56,South-eastern Asia,0,0.1,-0.41,-0.642,44.5,5.9,2.41
7.77,0.865,0.876,640e0b1661fc7dcab609c615,100,0.73,0.57,5.35,5.73,4.62,undefined,14.6,20.4,37.5,30.8,0.6,0.3,41.7,50.9,60.6,27.5,45,1014,4.56,4.62,undefined,52.4,POL,2.12,Poland,0.52,0.51,38000000,2.16,1.14,Eastern Europe,0.9,0.8,0.47,0.445,67.7,6.2,3.37
4.34,0.847,0.866,640e0b1661fc7dcab609c616,100,0.87,0.77,2.85,4.88,4.68,undefined,49.8,61.6,42.1,33.9,1.3,1,48.4,56.8,67.8,24.8,46.3,2221.4,5.02,4.68,undefined,16.2,PRT,2.07,Portugal,1.08,0.95,10000000,0.42,0.36,Southern Europe,0.9,0.7,1.13,1.133,70.8,11.2,6.65
32.47,0.856,0.855,640e0b1661fc7dcab609c617,100,0.73,0.81,1.23,1.52,undefined,3.23,undefined,0.0,32.9,,0.7,1.1,36.4,71.6,60,undefined,24.3,1807.2,2.97,undefined,2.8,5.6,QAT,4.81,Qatar,0.55,0.96,2600000,1.34,1.92,Western Asia,0.4,0.9,0.72,0.928,70.8,0.2,0.26
3.82,0.811,0.821,640e0b1661fc7dcab609c618,100,-0.03,-0.04,4.47,5.88,3.34,undefined,41.3,47.7,34.1,27.3,-0.2,-0.1,33.2,40,45.4,28.8,46.2,738.6,3.1,3.34,undefined,4.4,ROU,1.95,Romania,0.06,0.53,20000000,12.5,12.68,Eastern Europe,0.5,0.3,0.39,0.408,60,6.4,5.17
11.8,0.816,0.822,640e0b1661fc7dcab609c619,100,-0.89,-0.9,2.81,4.82,4.68,undefined,16.9,19.7,34.3,41.2,-0.1,-0.2,35.3,38.1,29.7,18.7,34.9,653.4,4.69,4.68,undefined,30.3,RUS,4.08,Russia,-0.67,-0.65,144000000,0.16,0.07,Eastern Europe,-0.5,-0.5,-0.79,-0.87,57,5.7,5.01
0.11,0.524,0.534,640e0b1661fc7dcab609c61a,100,0.63,0.6,8.58,10.88,3.07,3.82,50.0,48.0,18.7,50.4,0.3,0.3,27.2,61.2,54.7,19.6,39.2,51.4,3.13,3.07,3.24,31.8,RWA,1.55,Rwanda,0.04,0.17,12000000,4.32,6.34,Sub-Saharan Africa,0.2,0.1,0.13,0.201,38,2.5,1.61
15.28,0.853,0.875,640e0b1661fc7dcab609c61b,100,0.36,0.31,2.51,3.24,7.09,7.81,0.0,0.1,33.4,45.9,0.3,0.5,40,49.9,50.7,undefined,41.6,1316.3,8.02,7.09,6.79,39.9,SAU,6.59,Saudi Arabia,-0.62,-0.58,33000000,undefined,5.18,Western Asia,0,0.3,0.1,0.23,62.6,5.5,7.36
0.65,0.505,0.511,640e0b1661fc7dcab609c61c,70.4,-0.09,0.06,6.21,6.06,4.86,5.5,11.1,14.3,19.9,40.3,-0.3,0.1,30.2,42.6,47.8,21.9,51.2,59.1,4.62,4.86,5.35,1.8,SEN,1.76,Senegal,-0.04,-0.17,16000000,undefined,24.64,Sub-Saharan Africa,-0.2,-0.3,-0.15,-0.364,38.4,9.5,3.72
6.62,0.787,0.802,640e0b1661fc7dcab609c61d,100,-0.37,-0.44,4.5,7.39,3.58,3.62,28.3,31.1,32.3,38.7,0.2,0,44.5,36.5,37.9,29,53.2,641,3.71,3.58,3.62,50.3,SRB,2.09,Serbia,0.1,-0.13,7000000,1.43,2.89,Southern Europe,0,0.1,-0.19,-0.092,54.9,16.5,11.81
0.12,0.419,0.477,640e0b1661fc7dcab609c61e,26.2,-0.59,-0.43,3.46,3.05,6.99,8.81,62.9,91.4,undefined,34,-1.2,-1.1,18.4,22,32.4,15.3,29,46.2,4.66,6.99,7.45,11.1,SLE,0.61,Sierra Leone,0.03,-0.16,8000000,undefined,undefined,Sub-Saharan Africa,-0.9,-1,-0.79,-0.8186520338,32.9,3,5.33
8.31,0.932,0.939,640e0b1661fc7dcab609c61f,100,2.13,2.17,3.66,7.61,2.86,2.51,3.3,3.5,57.3,45.9,2.2,2.3,17.7,91.2,92.8,undefined,45.5,2632.7,2.77,2.86,2.74,16.6,SGP,2.98,Singapore,1.59,1.49,6000000,0.2,0.1,South-eastern Asia,2.1,2.2,1.82,1.858,81.8,1.8,3.62
5.7,0.855,0.848,640e0b1661fc7dcab609c620,100,0.22,0.24,3.79,3.02,3.97,undefined,23.7,25.0,34.3,23.7,0.8,0.5,43.1,38.2,53.7,28.2,46.6,1342.1,3.94,3.97,undefined,1.8,SVK,1.71,Slovakia,0.88,0.56,5000000,4.43,3.29,Eastern Europe,0.8,0.9,0.57,0.706,67.4,10,6.74
6.51,0.896,0.918,640e0b1661fc7dcab609c621,100,0.81,0.72,4.42,8.11,4.94,undefined,30.5,36.2,40.6,24.4,1.2,1.2,47.9,52.1,66.7,24.6,47.9,2219.1,4.78,4.94,undefined,2.1,SVN,1.22,Slovenia,0.89,0.76,2100000,0.23,0.11,Southern Europe,0.6,0.8,1.02,1.03,72.6,8.7,4.42
0.54,0.546,0.564,640e0b1661fc7dcab609c622,73.3,0.11,-0.14,3.94,-0.18,10.81,12.75,undefined,5.3,undefined,,-1,-0.9,46.3,36.8,42.3,undefined,undefined,111.9,12.11,10.81,11.13,80.1,SLB,undefined,Solomon Islands,0.21,0.49,600000,4.38,6.65,Melanesia,-0.8,-0.9,-0.21,-0.352,undefined,31.4,1.03
0.04,undefined,undefined,640e0b1661fc7dcab609c623,49.7,-1.72,-1.78,7.68,3.33,undefined,undefined,1.4,5.0,undefined,,-2.2,-2.1,undefined,17.8,undefined,undefined,undefined,undefined,undefined,undefined,undefined,4.9,SOM,...,Somalia,-2.33,-2.68,15000000,undefined,undefined,Sub-Saharan Africa,-2.3,-1.8,-2.31,-2.273,undefined,6.6,19.86
7.51,0.699,0.713,640e0b1661fc7dcab609c624,84.4,-0.01,0.02,1.49,4.91,5.64,6.19,2.4,7.0,29.8,62.5,0.3,0,32.6,45.4,48.4,15.9,36.2,546.7,5.6,5.64,5.92,41.7,ZAF,undefined,South Africa,-0.27,-0.71,57000000,11.01,10.79,Sub-Saharan Africa,0.2,-0.1,-0.01,0.131,38.5,25.9,33.56
0.15,0.388,0.385,640e0b1661fc7dcab609c625,7.2,-1.71,-1.82,undefined,undefined,undefined,undefined,0.6,0.7,undefined,46,-2.5,-2.4,undefined,undefined,undefined,undefined,undefined,22.6,undefined,undefined,undefined,50.3,SSD,2.37,South Sudan,-2.46,-2.3,13000000,undefined,undefined,Sub-Saharan Africa,-1.9,-2,-1.94,-2.045,undefined,undefined,13.91
5.09,0.891,0.905,640e0b1661fc7dcab609c626,100,0.49,0.74,2.29,5.13,4.18,undefined,36.2,46.0,44.6,35.9,1,0.9,43.7,51.5,67.2,36,52.3,2711.2,4.21,4.18,undefined,1.7,ESP,1.37,Spain,0.27,0.58,47000000,3.08,2.8,Southern Europe,0.9,0.8,1.01,0.876,71.8,19.4,14.73
1.09,0.77,0.782,640e0b1661fc7dcab609c627,100,-0.45,-0.33,3.27,3.66,2.14,1.93,49.8,33.2,24.2,39.2,-0.2,-0.1,18.9,30.7,40.1,33.8,46.8,160.7,undefined,2.14,1.93,33.9,LKA,1.88,Sri Lanka,-0.06,-0.32,21000000,0.54,undefined,Southern Asia,-0.1,-0.4,0.06,0.038,49.3,5,5.39
0.48,0.502,0.508,640e0b1661fc7dcab609c628,55.4,-1.54,-1.29,-2.68,0.11,undefined,undefined,65.7,55.2,undefined,,-1.4,-1.6,12.5,21.2,14.6,undefined,39.6,46.9,undefined,undefined,undefined,28.9,SDN,1.02,Sudan,-2.01,-1.94,41000000,32.87,undefined,Northern Africa,-0.6,-1.5,-1.11,-1.21,26.5,13.3,19.81
4.56,0.72,0.73,640e0b1661fc7dcab609c629,98.2,-0.17,-0.4,4.95,-3.48,4.92,5.01,61.3,58.2,undefined,,-0.6,-0.6,28.1,39.9,37.6,25.4,undefined,619.2,5.46,4.92,6.83,4.7,SUR,undefined,Suriname,0.14,0.37,600000,13.83,11.77,Latin America and the Caribbean,-0.5,-0.7,-0.15,-0.103,52.7,10,10.06
3.41,0.933,0.947,640e0b1661fc7dcab609c62a,100,2.14,2.13,1.95,4.8,7.64,undefined,64.7,70.1,61.6,24.9,1.8,1.7,50.6,92.9,95.7,28,50.5,5671.4,7.57,7.64,undefined,37.4,SWE,1.28,Sweden,0.98,1.03,10000000,0.13,0.12,Northern Europe,1.8,1.8,1.94,1.734,81.9,7.1,8.66
4.36,0.944,0.962,640e0b1661fc7dcab609c62b,100,1.99,1.99,2.92,3.69,4.86,undefined,65.4,67.4,64.6,29.5,2.1,2,34,82.8,92.3,34.3,60.1,9666.3,4.95,4.86,undefined,undefined,CHE,0.71,Switzerland,1.21,1.13,8000000,0.08,0.08,Western Europe,1.9,1.7,1.93,1.808,83.8,4.6,5.32
1.51,0.536,0.577,640e0b1661fc7dcab609c62c,89.1,-1.56,-1.78,1.48,undefined,undefined,undefined,2.4,7.5,undefined,,-1.8,-1.7,undefined,23.1,undefined,19.1,undefined,undefined,undefined,undefined,undefined,undefined,SYR,...,Syria,-2.63,-2.66,18000000,undefined,undefined,Western Asia,-1.8,-1.6,-2.09,-2.07,undefined,14.3,10.57
1.01,0.65,0.685,640e0b1661fc7dcab609c62d,99.8,-1.33,-1.34,7.6,9.2,5.56,5.71,98.5,93.1,18.8,32.6,-1.1,-0.6,30.9,38.2,17.8,34.2,55.2,61.9,5.84,5.56,5.71,36.1,TJK,1.01,Tajikistan,-0.67,-0.61,9000000,undefined,undefined,Central Asia,-1.1,-1.1,-1.35,-1.185,41.3,10.8,7.75
0.21,0.538,0.549,640e0b1661fc7dcab609c62e,39.9,-0.48,-0.36,5.44,4.28,3.7,3.3,35.3,33.5,19.4,37.6,-0.6,-0.6,18.5,31.8,36.9,22.1,37,40.3,4.43,3.7,3.6,31.9,TZA,1.07,Tanzania,-0.58,-0.44,57000000,17.65,16.08,Sub-Saharan Africa,-0.6,-0.6,-0.45,-0.523,36,2.6,2.65
3.84,0.755,0.8,640e0b1661fc7dcab609c62f,100,-0.39,-0.46,4.22,1.57,3.06,2.97,9.0,16.7,34.9,44.5,0.4,0.3,22,34.7,38.5,37.3,52.9,296.2,3.36,3.06,2.97,28.4,THA,1.32,Thailand,-0.76,-0.55,69000000,undefined,undefined,South-eastern Asia,0.1,0.1,0.04,0.115,52.4,0.6,1.42
0.48,0.625,0.607,640e0b1661fc7dcab609c630,96.1,-0.54,-0.05,-0.69,4.4,6.73,undefined,undefined,0.0,undefined,31.9,-1,-0.8,48,32,38.2,undefined,undefined,92.7,7.03,6.73,undefined,19.2,TLS,1.14,Timor-Leste,0.03,0.17,1200000,4.19,4.9,South-eastern Asia,-0.7,-0.8,-1.17,-0.998,undefined,4,5.07
0.29,0.503,0.539,640e0b1661fc7dcab609c631,54,-0.71,-0.67,4.98,5.26,4.04,3.99,76.1,17.1,15.1,46,-1.1,-0.6,29.8,31.4,28.8,13.2,37.3,51.2,3.76,4.04,4.07,7.4,TGO,1.78,Togo,-0.74,-0.8,8000000,5.31,1.22,Sub-Saharan Africa,-0.8,-0.6,-0.71,-0.559,34.9,6.8,4
12.32,0.784,0.81,640e0b1661fc7dcab609c632,100,-0.36,-0.28,-0.71,-0.99,3.3,4.1,undefined,0.1,19.8,,0.3,0.2,39,33.1,44.2,15.7,31.6,1167.9,3.58,3.3,3.7,14.3,TTO,0.89,Trinidad and Tobago,0.29,0.15,1400000,undefined,undefined,Latin America and the Caribbean,0,-0.1,-0.11,-0.136,58.7,3.9,4.8
2.56,0.735,0.731,640e0b1661fc7dcab609c633,100,-0.11,-0.23,2.62,3.34,undefined,undefined,3.0,3.9,27.9,40,-0.1,-0.2,28.6,36.8,47.3,26.2,43.9,233.1,undefined,undefined,undefined,8.1,TUN,2.83,Tunisia,-1.05,-0.7,12000000,undefined,undefined,Northern Africa,-0.4,-0.4,0.07,0.096,49.3,14.8,16.82
4.76,0.791,0.838,640e0b1661fc7dcab609c634,100,-0.19,-0.39,2.98,10.99,4.29,undefined,32.9,43.8,38.1,40.2,0.1,-0.1,32.6,42,39.4,26.4,41.3,396.5,undefined,4.29,undefined,18.7,TUR,2.06,Turkey,-1.8,-1.1,81000000,4.96,4.78,Western Asia,0,-0.1,-0.25,-0.416,53.3,10.3,13.39
12.26,0.706,0.745,640e0b1661fc7dcab609c635,100,-1.48,-1.42,6.2,6.3,undefined,3.12,0.0,0.0,undefined,40.8,-1.2,-0.9,16.1,27.3,7.4,14.6,33,500,undefined,undefined,3.12,13.9,TKM,...,Turkmenistan,-0.15,-0.32,6000000,undefined,undefined,Central Asia,-2,-2,-1.49,-1.442,undefined,8.6,5.08
0.13,0.516,0.525,640e0b1661fc7dcab609c636,42.1,-1.04,-1,6.3,3.38,2.13,2.67,80.8,98.9,15.7,39.5,-0.6,-0.6,17.4,28.3,24,19.4,44.8,32.4,2.25,2.13,1.53,6.9,UGA,2.42,Uganda,-0.56,-0.86,43000000,undefined,undefined,Sub-Saharan Africa,-0.2,-0.5,-0.3,-0.352,30.9,2.3,2.94
3.94,0.751,0.773,640e0b1661fc7dcab609c637,100,-0.78,-0.77,3.49,3.4,5.32,5.44,4.6,6.5,undefined,25.5,-0.5,-0.4,42.8,29,33.8,26.4,40.9,248.1,5.42,5.32,5.44,9.1,UKR,3.23,Ukraine,-1.89,-1.1,45000000,undefined,undefined,Eastern Europe,-0.3,-0.3,-0.71,-0.66,52.5,8.9,8.88
19.33,0.863,0.911,640e0b1661fc7dcab609c638,100,1.13,1.18,1.19,-6.13,undefined,3.88,0.2,2.7,42.1,,1.4,1.4,31.2,77.3,71.8,undefined,34.3,1842.7,undefined,undefined,3.87,7.6,ARE,...,United Arab Emirates,0.63,0.65,9000000,undefined,0.24,Western Asia,1,1,0.8,0.83,70.4,3.7,3.36
5.22,0.922,0.929,640e0b1661fc7dcab609c639,100,1.84,1.67,1.65,7.44,5.17,undefined,27.4,47.1,59.7,32.4,1.4,1.3,43,79,87.1,31.9,56,4312.9,5.38,5.17,undefined,8.2,GBR,2.22,United Kingdom,0.26,0.54,66000000,0.66,1.13,Northern Europe,1.7,1.5,1.68,1.427,74.6,4.8,4.53
14.67,0.924,0.921,640e0b1661fc7dcab609c63a,100,1.38,1.05,2.92,5.67,4.91,undefined,14.0,20.9,61.8,45,1.6,1.3,38.1,71.9,75.7,20.7,37.4,10921,5.11,4.91,undefined,12.5,USA,3.48,United States,0.3,0,326000000,0.57,0.92,Northern America,1.6,1.5,1.64,1.417,76,4.9,5.46
1.87,0.804,0.809,640e0b1661fc7dcab609c63b,100,1.29,1.62,0.48,4.37,4.66,4.7,89.1,98.3,29.2,41.6,0.4,0.8,32.4,71.6,75.2,36.1,57.5,1661,4.47,4.66,4.7,5.4,URY,2.26,Uruguay,1.06,1.05,3500000,0.15,0.56,Latin America and the Caribbean,0.7,0.7,0.59,0.732,64.2,8.2,10.45
3.48,0.71,0.727,640e0b1661fc7dcab609c63c,100,-1.16,-0.81,5.35,7.42,5.9,4.92,21.5,10.8,25.3,36.8,-0.6,-0.2,33.9,24.2,23.8,29.1,54.1,98.6,5.03,5.9,7,12.9,UZB,...,Uzbekistan,-0.28,-0.24,32000000,0.73,0.94,Central Asia,-1.3,-0.6,-1.11,-0.886,43.1,8.9,7.16
3.94,0.761,0.691,640e0b1661fc7dcab609c63d,100,-1.36,-1.61,undefined,undefined,undefined,undefined,64.9,68.4,undefined,39,-1.4,-1.9,37.7,7.5,7.1,33.6,48.9,338.8,1.34,undefined,undefined,undefined,VEN,undefined,Venezuela,-1.18,-1.53,32000000,undefined,undefined,Latin America and the Caribbean,-2,-2.2,-2.26,-2.296,43.1,6.9,6.41
3.49,0.694,0.703,640e0b1661fc7dcab609c63e,100,-0.58,-0.29,7.2,2.59,4.17,4.06,37.9,28.2,34.3,34.8,0,0.3,29.4,30.4,33.6,40.3,48.4,180.7,4.09,4.17,4.06,21.1,VNM,...,Vietnam,0.31,-0.11,96000000,undefined,undefined,South-eastern Asia,-0.4,-0.4,0.07,-0.146,50.8,2.2,2.17
0.38,0.452,0.455,640e0b1661fc7dcab609c63f,73.8,-1.59,-1.65,0.75,-2.06,undefined,undefined,undefined,14.6,13.8,37.9,-1.9,-2.3,25.2,21.2,undefined,22.8,44.6,undefined,undefined,undefined,undefined,25.8,YEM,...,Yemen,-2.96,-2.59,28000000,undefined,undefined,Western Asia,-1.5,-2,-1.75,-1.799,23.9,17.1,13.57
0.38,0.588,0.565,640e0b1661fc7dcab609c640,44.5,-0.54,-0.75,4.03,3.57,4.74,3.7,97.1,87.0,15.8,57.5,-0.6,-0.8,25.7,36.3,30.8,25.2,34.4,69.3,3.73,4.74,4.47,37.9,ZMB,1.30,Zambia,0.11,0.06,17000000,undefined,undefined,Sub-Saharan Africa,-0.5,-0.6,-0.33,-0.593,33.2,7.5,13.03
0.8,0.535,0.593,640e0b1661fc7dcab609c641,52.7,-1.27,-1.26,4.82,5.85,3.87,undefined,54.0,66.0,18.1,43.2,-1.2,-1.2,30.6,18.9,20.6,22.1,28.6,103,5.82,3.87,undefined,undefined,ZWE,0.01,Zimbabwe,-0.77,-1.03,17000000,15.3,13.64,Sub-Saharan Africa,-1.6,-1.4,-1.38,-1.261,29.7,5.1,5.17